"","mean","sd","2.5%","25%","50%","75%","97.5%","Rhat","n.eff"
"b0",0.100204438844484,0.00133627139074365,0.0976572486152749,0.0993365992189152,0.100172787519849,0.101102476433118,0.102894134746562,1.00198455464403,1200
"b1",-0.429123723913202,0.0151302376536295,-0.457683302932189,-0.439477984163888,-0.429159242456403,-0.418707702244763,-0.400236249657967,1.00063278756531,2400
"deviance",13607.0386103186,2.53302910666538,13604.2211545591,13605.2234950894,13606.4249372999,13608.16135015,13613.5465670817,1.00468365800738,1900
"sig",0.935893503367039,0.00923719610291707,0.917476631152787,0.929765063301077,0.936093699796135,0.941941419787105,0.954190388574655,1.00064019998266,2400
